"n_inputs","avg_time"
"3","0.793071951184954"
"5","1.0410925728934153"
"7","1.4313042231968471"
"10","1.8235552174704415"
"13","2.2722588334764753"
"15","2.594235508782523"
"20","3.4397503103528706"
"25","4.20130683353969"
"30","4.9159801415034705"
